Fecha,TMAX,TMIN,Prec,Fuente,TipoDato,CalidadDato,Emision
2026-01-01,34.9,11.3,0.0,SIGA_INTA_BORDENAVE,Observado,Observado_estacion,2026-07-30T20:04:21+00:00
2026-01-02,30.8,7.1,0.0,SIGA_INTA_BORDENAVE,Observado,Observado_estacion,2026-07-30T20:04:21+00:00
2026-01-03,25.4,9.9,0.0,SIGA_INTA_BORDENAVE,Observado,Observado_estacion,2026-07-30T20:04:21+00:00
2026-01-04,31.2,4.8,0.0,SIGA_INTA_BORDENAVE,Observado,Observado_estacion,2026-07-30T20:04:21+00:00
2026-01-05,33.3,11.4,0.0,SIGA_INTA_BORDENAVE,Observado,Observado_estacion,2026-07-30T20:04:21+00:00
2026-01-06,26.4,18.8,0.25,SIGA_INTA_BORDENAVE,Observado,Observado_estacion,2026-07-30T20:04:21+00:00
2026-01-07,30.1,16.2,0.0,SIGA_INTA_BORDENAVE,Observado,Observado_estacion,2026-07-30T20:04:21+00:00
2026-01-08,24.5,12.8,0.0,OPEN_METEO_ECMWF_IFS_ARCHIVE_FALLBACK,Provisional,Provisional_hueco_repositorio,2026-07-31T01:44:01-03:00
2026-01-09,27.5,14.8,0.0,OPEN_METEO_ECMWF_IFS_ARCHIVE_FALLBACK,Provisional,Provisional_hueco_repositorio,2026-07-31T01:44:01-03:00
2026-01-10,30.9,15.8,0.0,OPEN_METEO_ECMWF_IFS_ARCHIVE_FALLBACK,Provisional,Provisional_hueco_repositorio,2026-07-31T01:44:01-03:00
2026-01-11,35.7,19.8,0.0,OPEN_METEO_ECMWF_IFS_ARCHIVE_FALLBACK,Provisional,Provisional_hueco_repositorio,2026-07-31T01:44:01-03:00
2026-01-12,29.0,19.0,5.5,OPEN_METEO_ECMWF_IFS_ARCHIVE_FALLBACK,Provisional,Provisional_hueco_repositorio,2026-07-31T01:44:01-03:00
2026-01-13,27.5,16.9,9.5,OPEN_METEO_ECMWF_IFS_ARCHIVE_FALLBACK,Provisional,Provisional_hueco_repositorio,2026-07-31T01:44:01-03:00
2026-01-14,31.5,18.3,0.0,OPEN_METEO_ECMWF_IFS_ARCHIVE_FALLBACK,Provisional,Provisional_hueco_repositorio,2026-07-31T01:44:01-03:00
2026-01-15,27.3,18.0,19.7,OPEN_METEO_ECMWF_IFS_ARCHIVE_FALLBACK,Provisional,Provisional_hueco_repositorio,2026-07-31T01:44:01-03:00
2026-01-16,29.2,13.6,0.0,OPEN_METEO_ECMWF_IFS_ARCHIVE_FALLBACK,Provisional,Provisional_hueco_repositorio,2026-07-31T01:44:01-03:00
2026-01-17,34.2,17.5,0.0,SIGA_INTA_BORDENAVE,Observado,Observado_estacion,2026-07-30T20:04:21+00:00
2026-01-18,23.0,11.9,0.0,OPEN_METEO_ECMWF_IFS_ARCHIVE_FALLBACK,Provisional,Provisional_hueco_repositorio,2026-07-31T01:44:01-03:00
2026-01-19,24.4,10.3,0.0,OPEN_METEO_ECMWF_IFS_ARCHIVE_FALLBACK,Provisional,Provisional_hueco_repositorio,2026-07-31T01:44:01-03:00
2026-01-20,28.4,14.1,0.0,OPEN_METEO_ECMWF_IFS_ARCHIVE_FALLBACK,Provisional,Provisional_hueco_repositorio,2026-07-31T01:44:01-03:00
2026-01-21,31.6,18.0,2.0,OPEN_METEO_ECMWF_IFS_ARCHIVE_FALLBACK,Provisional,Provisional_hueco_repositorio,2026-07-31T01:44:01-03:00
2026-01-22,33.1,15.5,37.25,SIGA_INTA_BORDENAVE,Observado,Observado_estacion,2026-07-30T20:04:21+00:00
2026-01-23,29.9,19.2,0.2,OPEN_METEO_ECMWF_IFS_ARCHIVE_FALLBACK,Provisional,Provisional_hueco_repositorio,2026-07-31T01:44:01-03:00
2026-01-24,33.1,17.6,0.0,SIGA_INTA_BORDENAVE,Observado,Observado_estacion,2026-07-30T20:04:21+00:00
2026-01-25,31.3,22.0,7.1,OPEN_METEO_ECMWF_IFS_ARCHIVE_FALLBACK,Provisional,Provisional_hueco_repositorio,2026-07-31T01:44:01-03:00
2026-01-26,28.9,19.0,18.2,OPEN_METEO_ECMWF_IFS_ARCHIVE_FALLBACK,Provisional,Provisional_hueco_repositorio,2026-07-31T01:44:01-03:00
2026-01-27,29.5,14.2,0.0,OPEN_METEO_ECMWF_IFS_ARCHIVE_FALLBACK,Provisional,Provisional_hueco_repositorio,2026-07-31T01:44:01-03:00
2026-01-28,35.0,17.1,0.0,SIGA_INTA_BORDENAVE,Observado,Observado_estacion,2026-07-30T20:04:21+00:00
2026-01-29,35.8,18.7,0.0,SIGA_INTA_BORDENAVE,Observado,Observado_estacion,2026-07-30T20:04:21+00:00
2026-01-30,36.2,17.2,0.0,SIGA_INTA_BORDENAVE,Observado,Observado_estacion,2026-07-30T20:04:21+00:00
2026-01-31,35.2,19.1,0.0,SIGA_INTA_BORDENAVE,Observado,Observado_estacion,2026-07-30T20:04:21+00:00
2026-02-01,38.3,21.3,1.0,SIGA_INTA_BORDENAVE,Observado,Observado_estacion,2026-07-30T20:04:21+00:00
2026-02-02,38.1,22.6,7.75,SIGA_INTA_BORDENAVE,Observado,Observado_estacion,2026-07-30T20:04:21+00:00
2026-02-03,32.4,18.4,0.0,SIGA_INTA_BORDENAVE,Observado,Observado_estacion,2026-07-30T20:04:21+00:00
2026-02-04,27.2,18.4,7.2,OPEN_METEO_ECMWF_IFS_ARCHIVE_FALLBACK,Provisional,Provisional_hueco_repositorio,2026-07-31T01:44:01-03:00
2026-02-05,23.5,15.7,0.5,SIGA_INTA_BORDENAVE,Observado,Observado_estacion,2026-07-30T20:04:21+00:00
2026-02-06,30.5,7.7,0.0,SIGA_INTA_BORDENAVE,Observado,Observado_estacion,2026-07-30T20:04:21+00:00
2026-02-07,28.8,12.8,0.0,OPEN_METEO_ECMWF_IFS_ARCHIVE_FALLBACK,Provisional,Provisional_hueco_repositorio,2026-07-31T01:44:01-03:00
2026-02-08,32.6,16.4,0.0,SIGA_INTA_BORDENAVE,Observado,Observado_estacion,2026-07-30T20:04:21+00:00
2026-02-09,27.3,18.5,1.4,OPEN_METEO_ECMWF_IFS_ARCHIVE_FALLBACK,Provisional,Provisional_hueco_repositorio,2026-07-31T01:44:01-03:00
2026-02-10,30.1,16.8,2.0,OPEN_METEO_ECMWF_IFS_ARCHIVE_FALLBACK,Provisional,Provisional_hueco_repositorio,2026-07-31T01:44:01-03:00
2026-02-11,25.6,9.2,0.5,SIGA_INTA_BORDENAVE,Observado,Observado_estacion,2026-07-30T20:04:21+00:00
2026-02-12,22.7,12.6,0.0,OPEN_METEO_ECMWF_IFS_ARCHIVE_FALLBACK,Provisional,Provisional_hueco_repositorio,2026-07-31T01:44:01-03:00
2026-02-13,26.1,9.1,0.0,SIGA_INTA_BORDENAVE,Observado,Observado_estacion,2026-07-30T20:04:21+00:00
2026-02-14,24.1,14.9,11.3,OPEN_METEO_ECMWF_IFS_ARCHIVE_FALLBACK,Provisional,Provisional_hueco_repositorio,2026-07-31T01:44:01-03:00
2026-02-15,27.8,16.6,0.4,OPEN_METEO_ECMWF_IFS_ARCHIVE_FALLBACK,Provisional,Provisional_hueco_repositorio,2026-07-31T01:44:01-03:00
2026-02-16,29.8,17.7,0.0,OPEN_METEO_ECMWF_IFS_ARCHIVE_FALLBACK,Provisional,Provisional_hueco_repositorio,2026-07-31T01:44:01-03:00
2026-02-17,32.7,18.8,0.0,SIGA_INTA_BORDENAVE,Observado,Observado_estacion,2026-07-30T20:04:21+00:00
2026-02-18,31.4,16.1,0.0,SIGA_INTA_BORDENAVE,Observado,Observado_estacion,2026-07-30T20:04:21+00:00
2026-02-19,26.2,14.8,0.0,OPEN_METEO_ECMWF_IFS_ARCHIVE_FALLBACK,Provisional,Provisional_hueco_repositorio,2026-07-31T01:44:01-03:00
2026-02-20,30.7,11.6,0.0,SIGA_INTA_BORDENAVE,Observado,Observado_estacion,2026-07-30T20:04:21+00:00
2026-02-21,29.7,13.6,0.0,SIGA_INTA_BORDENAVE,Observado,Observado_estacion,2026-07-30T20:04:21+00:00
2026-02-22,27.4,17.7,2.0,OPEN_METEO_ECMWF_IFS_ARCHIVE_FALLBACK,Provisional,Provisional_hueco_repositorio,2026-07-31T01:44:01-03:00
2026-02-23,27.5,17.1,0.6,OPEN_METEO_ECMWF_IFS_ARCHIVE_FALLBACK,Provisional,Provisional_hueco_repositorio,2026-07-31T01:44:01-03:00
2026-02-24,22.3,14.9,0.0,OPEN_METEO_ECMWF_IFS_ARCHIVE_FALLBACK,Provisional,Provisional_hueco_repositorio,2026-07-31T01:44:01-03:00
2026-02-25,25.1,4.1,0.0,SIGA_INTA_BORDENAVE,Observado,Observado_estacion,2026-07-30T20:04:21+00:00
2026-02-26,27.8,7.6,0.0,SIGA_INTA_BORDENAVE,Observado,Observado_estacion,2026-07-30T20:04:21+00:00
2026-02-27,30.0,10.9,0.0,SIGA_INTA_BORDENAVE,Observado,Observado_estacion,2026-07-30T20:04:21+00:00
2026-02-28,29.3,17.9,7.7,OPEN_METEO_ECMWF_IFS_ARCHIVE_FALLBACK,Provisional,Provisional_hueco_repositorio,2026-07-31T01:44:01-03:00
2026-03-01,30.4,18.0,0.0,OPEN_METEO_ECMWF_IFS_ARCHIVE_FALLBACK,Provisional,Provisional_hueco_repositorio,2026-07-31T01:44:01-03:00
2026-03-02,24.2,17.8,12.1,OPEN_METEO_ECMWF_IFS_ARCHIVE_FALLBACK,Provisional,Provisional_hueco_repositorio,2026-07-31T01:44:01-03:00
2026-03-03,24.9,12.6,0.0,OPEN_METEO_ECMWF_IFS_ARCHIVE_FALLBACK,Provisional,Provisional_hueco_repositorio,2026-07-31T01:44:01-03:00
2026-03-04,23.6,14.5,0.0,OPEN_METEO_ECMWF_IFS_ARCHIVE_FALLBACK,Provisional,Provisional_hueco_repositorio,2026-07-31T01:44:01-03:00
2026-03-05,23.6,10.9,0.0,OPEN_METEO_ECMWF_IFS_ARCHIVE_FALLBACK,Provisional,Provisional_hueco_repositorio,2026-07-31T01:44:01-03:00
2026-03-06,24.4,14.2,0.3,OPEN_METEO_ECMWF_IFS_ARCHIVE_FALLBACK,Provisional,Provisional_hueco_repositorio,2026-07-31T01:44:01-03:00
2026-03-07,27.2,14.1,0.0,SIGA_INTA_BORDENAVE,Observado,Observado_estacion,2026-07-30T20:04:21+00:00
2026-03-08,23.6,15.5,0.0,OPEN_METEO_ECMWF_IFS_ARCHIVE_FALLBACK,Provisional,Provisional_hueco_repositorio,2026-07-31T01:44:01-03:00
2026-03-09,20.7,14.8,12.1,OPEN_METEO_ECMWF_IFS_ARCHIVE_FALLBACK,Provisional,Provisional_hueco_repositorio,2026-07-31T01:44:01-03:00
2026-03-10,28.1,14.4,0.0,SIGA_INTA_BORDENAVE,Observado,Observado_estacion,2026-07-30T20:04:21+00:00
2026-03-11,28.3,14.9,0.0,SIGA_INTA_BORDENAVE,Observado,Observado_estacion,2026-07-30T20:04:21+00:00
2026-03-12,28.5,14.1,0.0,SIGA_INTA_BORDENAVE,Observado,Observado_estacion,2026-07-30T20:04:21+00:00
2026-03-13,29.5,15.9,0.0,SIGA_INTA_BORDENAVE,Observado,Observado_estacion,2026-07-30T20:04:21+00:00
2026-03-14,24.9,16.0,11.0,OPEN_METEO_ECMWF_IFS_ARCHIVE_FALLBACK,Provisional,Provisional_hueco_repositorio,2026-07-31T01:44:01-03:00
2026-03-15,28.2,16.9,14.0,SIGA_INTA_BORDENAVE,Observado,Observado_estacion,2026-07-30T20:04:21+00:00
2026-03-16,25.5,13.8,8.1,OPEN_METEO_ECMWF_IFS_ARCHIVE_FALLBACK,Provisional,Provisional_hueco_repositorio,2026-07-31T01:44:01-03:00
2026-03-17,22.9,11.3,0.0,SIGA_INTA_BORDENAVE,Observado,Observado_estacion,2026-07-30T20:04:21+00:00
2026-03-18,24.5,10.2,0.0,OPEN_METEO_ECMWF_IFS_ARCHIVE_FALLBACK,Provisional,Provisional_hueco_repositorio,2026-07-31T01:44:01-03:00
2026-03-19,25.9,16.5,5.4,OPEN_METEO_ECMWF_IFS_ARCHIVE_FALLBACK,Provisional,Provisional_hueco_repositorio,2026-07-31T01:44:01-03:00
2026-03-20,20.7,16.0,1.4,OPEN_METEO_ECMWF_IFS_ARCHIVE_FALLBACK,Provisional,Provisional_hueco_repositorio,2026-07-31T01:44:01-03:00
2026-03-21,19.9,11.6,4.9,OPEN_METEO_ECMWF_IFS_ARCHIVE_FALLBACK,Provisional,Provisional_hueco_repositorio,2026-07-31T01:44:01-03:00
2026-03-22,24.3,5.0,0.75,SIGA_INTA_BORDENAVE,Observado,Observado_estacion,2026-07-30T20:04:21+00:00
2026-03-23,18.0,8.7,1.6,OPEN_METEO_ECMWF_IFS_ARCHIVE_FALLBACK,Provisional,Provisional_hueco_repositorio,2026-07-31T01:44:01-03:00
2026-03-24,25.7,11.7,2.9,OPEN_METEO_ECMWF_IFS_ARCHIVE_FALLBACK,Provisional,Provisional_hueco_repositorio,2026-07-31T01:44:01-03:00
2026-03-25,20.1,8.6,0.9,OPEN_METEO_ECMWF_IFS_ARCHIVE_FALLBACK,Provisional,Provisional_hueco_repositorio,2026-07-31T01:44:01-03:00
2026-03-26,23.8,9.9,0.0,OPEN_METEO_ECMWF_IFS_ARCHIVE_FALLBACK,Provisional,Provisional_hueco_repositorio,2026-07-31T01:44:01-03:00
2026-03-27,28.4,12.2,0.0,SIGA_INTA_BORDENAVE,Observado,Observado_estacion,2026-07-30T20:04:21+00:00
2026-03-28,29.5,15.8,0.0,SIGA_INTA_BORDENAVE,Observado,Observado_estacion,2026-07-30T20:04:21+00:00
2026-03-29,29.2,21.1,0.0,SIGA_INTA_BORDENAVE,Observado,Observado_estacion,2026-07-30T20:04:21+00:00
2026-03-30,29.5,19.2,0.6,OPEN_METEO_ECMWF_IFS_ARCHIVE_FALLBACK,Provisional,Provisional_hueco_repositorio,2026-07-31T01:44:01-03:00
2026-03-31,33.8,23.2,0.25,SIGA_INTA_BORDENAVE,Observado,Observado_estacion,2026-07-30T20:04:21+00:00
2026-04-01,26.0,18.2,0.0,OPEN_METEO_ECMWF_IFS_ARCHIVE_FALLBACK,Provisional,Provisional_hueco_repositorio,2026-07-31T01:44:01-03:00
2026-04-02,29.1,16.9,0.0,SIGA_INTA_BORDENAVE,Observado,Observado_estacion,2026-07-30T20:04:21+00:00
2026-04-03,25.5,12.1,0.0,SIGA_INTA_BORDENAVE,Observado,Observado_estacion,2026-07-30T20:04:21+00:00
2026-04-04,16.4,6.9,0.0,OPEN_METEO_ECMWF_IFS_ARCHIVE_FALLBACK,Provisional,Provisional_hueco_repositorio,2026-07-31T01:44:01-03:00
2026-04-05,16.8,5.8,0.9,OPEN_METEO_ECMWF_IFS_ARCHIVE_FALLBACK,Provisional,Provisional_hueco_repositorio,2026-07-31T01:44:01-03:00
2026-04-06,17.4,10.6,0.5,SIGA_INTA_BORDENAVE,Observado,Observado_estacion,2026-07-30T20:04:21+00:00
2026-04-07,18.5,8.8,0.0,OPEN_METEO_ECMWF_IFS_ARCHIVE_FALLBACK,Provisional,Provisional_hueco_repositorio,2026-07-31T01:44:01-03:00
2026-04-08,22.4,5.7,0.0,SIGA_INTA_BORDENAVE,Observado,Observado_estacion,2026-07-30T20:04:21+00:00
2026-04-09,21.9,7.7,0.0,OPEN_METEO_ECMWF_IFS_ARCHIVE_FALLBACK,Provisional,Provisional_hueco_repositorio,2026-07-31T01:44:01-03:00
2026-04-10,23.5,10.9,0.0,OPEN_METEO_ECMWF_IFS_ARCHIVE_FALLBACK,Provisional,Provisional_hueco_repositorio,2026-07-31T01:44:01-03:00
2026-04-11,21.3,13.2,0.0,OPEN_METEO_ECMWF_IFS_ARCHIVE_FALLBACK,Provisional,Provisional_hueco_repositorio,2026-07-31T01:44:01-03:00
2026-04-12,23.5,13.3,0.0,OPEN_METEO_ECMWF_IFS_ARCHIVE_FALLBACK,Provisional,Provisional_hueco_repositorio,2026-07-31T01:44:01-03:00
2026-04-13,25.4,11.3,0.0,SIGA_INTA_BORDENAVE,Observado,Observado_estacion,2026-07-30T20:04:21+00:00
2026-04-14,27.8,15.0,4.25,SIGA_INTA_BORDENAVE,Observado,Observado_estacion,2026-07-30T20:04:21+00:00
2026-04-15,24.0,11.9,0.0,OPEN_METEO_ECMWF_IFS_ARCHIVE_FALLBACK,Provisional,Provisional_hueco_repositorio,2026-07-31T01:44:01-03:00
2026-04-16,24.8,11.2,0.0,OPEN_METEO_ECMWF_IFS_ARCHIVE_FALLBACK,Provisional,Provisional_hueco_repositorio,2026-07-31T01:44:01-03:00
2026-04-17,20.9,11.4,4.4,OPEN_METEO_ECMWF_IFS_ARCHIVE_FALLBACK,Provisional,Provisional_hueco_repositorio,2026-07-31T01:44:01-03:00
2026-04-18,26.2,7.1,0.0,SIGA_INTA_BORDENAVE,Observado,Observado_estacion,2026-07-30T20:04:21+00:00
2026-04-19,19.0,8.1,0.0,SIGA_INTA_BORDENAVE,Observado,Observado_estacion,2026-07-30T20:04:21+00:00
2026-04-20,13.9,9.8,12.5,SIGA_INTA_BORDENAVE,Observado,Observado_estacion,2026-07-30T20:04:21+00:00
2026-04-21,13.4,8.6,9.3,OPEN_METEO_ECMWF_IFS_ARCHIVE_FALLBACK,Provisional,Provisional_hueco_repositorio,2026-07-31T01:44:01-03:00
2026-04-22,19.5,6.4,0.0,OPEN_METEO_ECMWF_IFS_ARCHIVE_FALLBACK,Provisional,Provisional_hueco_repositorio,2026-07-31T01:44:01-03:00
2026-04-23,21.5,8.0,0.0,OPEN_METEO_ECMWF_IFS_ARCHIVE_FALLBACK,Provisional,Provisional_hueco_repositorio,2026-07-31T01:44:01-03:00
2026-04-24,20.9,10.0,0.0,OPEN_METEO_ECMWF_IFS_ARCHIVE_FALLBACK,Provisional,Provisional_hueco_repositorio,2026-07-31T01:44:01-03:00
2026-04-25,16.7,6.9,0.0,OPEN_METEO_ECMWF_IFS_ARCHIVE_FALLBACK,Provisional,Provisional_hueco_repositorio,2026-07-31T01:44:01-03:00
2026-04-26,10.4,6.3,0.9,OPEN_METEO_ECMWF_IFS_ARCHIVE_FALLBACK,Provisional,Provisional_hueco_repositorio,2026-07-31T01:44:01-03:00
2026-04-27,14.1,-0.4,0.0,SIGA_INTA_BORDENAVE,Observado,Observado_estacion,2026-07-30T20:04:21+00:00
2026-04-28,21.8,-0.5,0.25,SIGA_INTA_BORDENAVE,Observado,Observado_estacion,2026-07-30T20:04:21+00:00
2026-04-29,18.8,8.7,0.5,OPEN_METEO_ECMWF_IFS_ARCHIVE_FALLBACK,Provisional,Provisional_hueco_repositorio,2026-07-31T01:44:01-03:00
2026-04-30,21.5,6.5,0.0,OPEN_METEO_ECMWF_IFS_ARCHIVE_FALLBACK,Provisional,Provisional_hueco_repositorio,2026-07-31T01:44:01-03:00
2026-05-01,18.4,9.0,0.0,OPEN_METEO_ECMWF_IFS_ARCHIVE_FALLBACK,Provisional,Provisional_hueco_repositorio,2026-07-31T01:44:01-03:00
2026-05-02,12.4,2.7,0.0,OPEN_METEO_ECMWF_IFS_ARCHIVE_FALLBACK,Provisional,Provisional_hueco_repositorio,2026-07-31T01:44:01-03:00
2026-05-03,16.5,3.8,0.0,OPEN_METEO_ECMWF_IFS_ARCHIVE_FALLBACK,Provisional,Provisional_hueco_repositorio,2026-07-31T01:44:01-03:00
2026-05-04,20.5,7.0,0.0,OPEN_METEO_ECMWF_IFS_ARCHIVE_FALLBACK,Provisional,Provisional_hueco_repositorio,2026-07-31T01:44:01-03:00
2026-05-05,22.0,10.0,0.3,OPEN_METEO_ECMWF_IFS_ARCHIVE_FALLBACK,Provisional,Provisional_hueco_repositorio,2026-07-31T01:44:01-03:00
2026-05-06,18.8,12.3,0.0,SIGA_INTA_BORDENAVE,Observado,Observado_estacion,2026-07-30T20:04:21+00:00
2026-05-07,14.6,7.5,1.2,OPEN_METEO_ECMWF_IFS_ARCHIVE_FALLBACK,Provisional,Provisional_hueco_repositorio,2026-07-31T01:44:01-03:00
2026-05-08,10.7,3.5,5.25,SIGA_INTA_BORDENAVE,Observado,Observado_estacion,2026-07-30T20:04:21+00:00
2026-05-09,10.5,2.4,1.0,SIGA_INTA_BORDENAVE,Observado,Observado_estacion,2026-07-30T20:04:21+00:00
2026-05-10,13.6,1.9,0.0,OPEN_METEO_ECMWF_IFS_ARCHIVE_FALLBACK,Provisional,Provisional_hueco_repositorio,2026-07-31T01:44:01-03:00
2026-05-11,17.5,1.1,0.0,OPEN_METEO_ECMWF_IFS_ARCHIVE_FALLBACK,Provisional,Provisional_hueco_repositorio,2026-07-31T01:44:01-03:00
2026-05-12,16.6,2.4,0.0,SIGA_INTA_BORDENAVE,Observado,Observado_estacion,2026-07-30T20:04:21+00:00
2026-05-13,17.2,-1.9,0.0,SIGA_INTA_BORDENAVE,Observado,Observado_estacion,2026-07-30T20:04:21+00:00
2026-05-14,14.0,2.2,0.0,OPEN_METEO_ECMWF_IFS_ARCHIVE_FALLBACK,Provisional,Provisional_hueco_repositorio,2026-07-31T01:44:01-03:00
2026-05-15,17.5,2.7,0.0,SIGA_INTA_BORDENAVE,Observado,Observado_estacion,2026-07-30T20:04:21+00:00
2026-05-16,11.3,4.7,1.1,OPEN_METEO_ECMWF_IFS_ARCHIVE_FALLBACK,Provisional,Provisional_hueco_repositorio,2026-07-31T01:44:01-03:00
2026-05-17,15.3,-3.7,0.0,SIGA_INTA_BORDENAVE,Observado,Observado_estacion,2026-07-30T20:04:21+00:00
2026-05-18,15.5,1.5,0.0,OPEN_METEO_ECMWF_IFS_ARCHIVE_FALLBACK,Provisional,Provisional_hueco_repositorio,2026-07-31T01:44:01-03:00
2026-05-19,19.3,-2.2,0.0,SIGA_INTA_BORDENAVE,Observado,Observado_estacion,2026-07-30T20:04:21+00:00
2026-05-20,13.1,0.9,0.0,SIGA_INTA_BORDENAVE,Observado,Observado_estacion,2026-07-30T20:04:21+00:00
2026-05-21,12.4,2.3,0.0,OPEN_METEO_ECMWF_IFS_ARCHIVE_FALLBACK,Provisional,Provisional_hueco_repositorio,2026-07-31T01:44:01-03:00
2026-05-22,13.8,1.4,0.25,SIGA_INTA_BORDENAVE,Observado,Observado_estacion,2026-07-30T20:04:21+00:00
2026-05-23,12.7,2.8,0.0,OPEN_METEO_ECMWF_IFS_ARCHIVE_FALLBACK,Provisional,Provisional_hueco_repositorio,2026-07-31T01:44:01-03:00
2026-05-24,15.5,4.2,0.0,SIGA_INTA_BORDENAVE,Observado,Observado_estacion,2026-07-30T20:04:21+00:00
2026-05-25,15.9,4.3,0.0,OPEN_METEO_ECMWF_IFS_ARCHIVE_FALLBACK,Provisional,Provisional_hueco_repositorio,2026-07-31T01:44:01-03:00
2026-05-26,18.7,-0.5,0.0,SIGA_INTA_BORDENAVE,Observado,Observado_estacion,2026-07-30T20:04:21+00:00
2026-05-27,15.2,6.5,0.0,OPEN_METEO_ECMWF_IFS_ARCHIVE_FALLBACK,Provisional,Provisional_hueco_repositorio,2026-07-31T01:44:01-03:00
2026-05-28,12.8,7.6,0.0,OPEN_METEO_ECMWF_IFS_ARCHIVE_FALLBACK,Provisional,Provisional_hueco_repositorio,2026-07-31T01:44:01-03:00
2026-05-29,12.1,8.5,0.4,OPEN_METEO_ECMWF_IFS_ARCHIVE_FALLBACK,Provisional,Provisional_hueco_repositorio,2026-07-31T01:44:01-03:00
2026-05-30,14.8,5.1,0.0,SIGA_INTA_BORDENAVE,Observado,Observado_estacion,2026-07-30T20:04:21+00:00
2026-05-31,16.8,5.5,0.0,SIGA_INTA_BORDENAVE,Observado,Observado_estacion,2026-07-30T20:04:21+00:00
2026-06-01,14.1,10.7,2.25,SIGA_INTA_BORDENAVE,Observado,Observado_estacion,2026-07-30T20:04:21+00:00
2026-06-02,14.7,10.2,0.7,OPEN_METEO_ECMWF_IFS_ARCHIVE_FALLBACK,Provisional,Provisional_hueco_repositorio,2026-07-31T01:44:01-03:00
2026-06-03,14.4,9.2,0.2,OPEN_METEO_ECMWF_IFS_ARCHIVE_FALLBACK,Provisional,Provisional_hueco_repositorio,2026-07-31T01:44:01-03:00
2026-06-04,16.3,11.9,2.1,ECMWF_IFS_HISTORICO,Provisional,Provisional_hasta_reemplazo_SIGA,2026-07-30T20:04:22+00:00
2026-06-05,15.7,12.1,0.5,OPEN_METEO_ECMWF_IFS_ARCHIVE_FALLBACK,Provisional,Provisional_hueco_repositorio,2026-07-31T01:44:01-03:00
2026-06-06,16.2,12.2,1.0,ECMWF_IFS_HISTORICO,Provisional,Provisional_hasta_reemplazo_SIGA,2026-07-30T20:04:22+00:00
2026-06-07,14.8,10.4,1.3,ECMWF_IFS_HISTORICO,Provisional,Provisional_hasta_reemplazo_SIGA,2026-07-30T20:04:22+00:00
2026-06-08,12.9,8.4,0.5,ECMWF_IFS_HISTORICO,Provisional,Provisional_hasta_reemplazo_SIGA,2026-07-30T20:04:22+00:00
2026-06-09,14.3,6.5,0.0,ECMWF_IFS_HISTORICO,Provisional,Provisional_hasta_reemplazo_SIGA,2026-07-30T20:04:22+00:00
2026-06-10,15.7,7.8,0.0,OPEN_METEO_ECMWF_IFS_ARCHIVE_FALLBACK,Provisional,Provisional_hueco_repositorio,2026-07-31T01:44:01-03:00
2026-06-11,16.2,5.1,0.0,OPEN_METEO_ECMWF_IFS_ARCHIVE_FALLBACK,Provisional,Provisional_hueco_repositorio,2026-07-31T01:44:01-03:00
2026-06-12,15.0,8.1,2.25,SIGA_INTA_BORDENAVE,Observado,Observado_estacion,2026-07-30T20:04:21+00:00
2026-06-13,10.0,0.9,2.8,OPEN_METEO_ECMWF_IFS_ARCHIVE_FALLBACK,Provisional,Provisional_hueco_repositorio,2026-07-31T01:44:01-03:00
2026-06-14,11.4,-5.0,0.0,SIGA_INTA_BORDENAVE,Observado,Observado_estacion,2026-07-30T20:04:21+00:00
2026-06-15,18.7,-3.6,0.0,SIGA_INTA_BORDENAVE,Observado,Observado_estacion,2026-07-30T20:04:21+00:00
2026-06-16,19.2,0.4,0.0,SIGA_INTA_BORDENAVE,Observado,Observado_estacion,2026-07-30T20:04:21+00:00
2026-06-17,12.9,1.4,0.0,OPEN_METEO_ECMWF_IFS_ARCHIVE_FALLBACK,Provisional,Provisional_hueco_repositorio,2026-07-31T01:44:01-03:00
2026-06-18,13.6,5.1,0.4,OPEN_METEO_ECMWF_IFS_ARCHIVE_FALLBACK,Provisional,Provisional_hueco_repositorio,2026-07-31T01:44:01-03:00
2026-06-19,13.2,1.6,0.0,OPEN_METEO_ECMWF_IFS_ARCHIVE_FALLBACK,Provisional,Provisional_hueco_repositorio,2026-07-31T01:44:01-03:00
2026-06-20,17.2,2.4,0.0,SIGA_INTA_BORDENAVE,Observado,Observado_estacion,2026-07-30T20:04:21+00:00
2026-06-21,14.8,-1.7,0.0,SIGA_INTA_BORDENAVE,Observado,Observado_estacion,2026-07-30T20:04:21+00:00
2026-06-22,9.0,1.5,0.0,OPEN_METEO_ECMWF_IFS_ARCHIVE_FALLBACK,Provisional,Provisional_hueco_repositorio,2026-07-31T01:44:01-03:00
2026-06-23,11.3,-2.8,0.0,SIGA_INTA_BORDENAVE,Observado,Observado_estacion,2026-07-30T20:04:21+00:00
2026-06-24,8.9,-6.1,0.0,SIGA_INTA_BORDENAVE,Observado,Observado_estacion,2026-07-30T20:04:21+00:00
2026-06-25,10.6,-1.2,0.0,SIGA_INTA_BORDENAVE,Observado,Observado_estacion,2026-07-30T20:04:21+00:00
2026-06-26,13.0,1.9,0.0,OPEN_METEO_ECMWF_IFS_ARCHIVE_FALLBACK,Provisional,Provisional_hueco_repositorio,2026-07-31T01:44:01-03:00
2026-06-27,13.3,-1.6,0.0,SIGA_INTA_BORDENAVE,Observado,Observado_estacion,2026-07-30T20:04:21+00:00
2026-06-28,12.5,1.1,0.0,OPEN_METEO_ECMWF_IFS_ARCHIVE_FALLBACK,Provisional,Provisional_hueco_repositorio,2026-07-31T01:44:01-03:00
2026-06-29,11.3,0.8,0.0,OPEN_METEO_ECMWF_IFS_ARCHIVE_FALLBACK,Provisional,Provisional_hueco_repositorio,2026-07-31T01:44:01-03:00
2026-06-30,12.9,1.8,0.0,OPEN_METEO_ECMWF_IFS_ARCHIVE_FALLBACK,Provisional,Provisional_hueco_repositorio,2026-07-31T01:44:01-03:00
2026-07-01,8.8,2.0,1.75,SIGA_INTA_BORDENAVE,Observado,Observado_estacion,2026-07-30T20:04:21+00:00
2026-07-02,7.0,-5.5,0.0,SIGA_INTA_BORDENAVE,Observado,Observado_estacion,2026-07-30T20:04:21+00:00
2026-07-03,8.8,-7.6,0.0,SIGA_INTA_BORDENAVE,Observado,Observado_estacion,2026-07-30T20:04:21+00:00
2026-07-04,5.5,-1.0,0.0,OPEN_METEO_ECMWF_IFS_ARCHIVE_FALLBACK,Provisional,Provisional_hueco_repositorio,2026-07-31T01:44:01-03:00
2026-07-05,9.6,-0.4,0.0,SIGA_INTA_BORDENAVE,Observado,Observado_estacion,2026-07-30T20:04:21+00:00
2026-07-06,8.9,-1.6,0.0,OPEN_METEO_ECMWF_IFS_ARCHIVE_FALLBACK,Provisional,Provisional_hueco_repositorio,2026-07-31T01:44:01-03:00
2026-07-07,17.1,-2.6,0.0,SIGA_INTA_BORDENAVE,Observado,Observado_estacion,2026-07-30T20:04:21+00:00
2026-07-08,13.4,6.6,0.0,OPEN_METEO_ECMWF_IFS_ARCHIVE_FALLBACK,Provisional,Provisional_hueco_repositorio,2026-07-31T01:44:01-03:00
2026-07-09,9.7,0.2,0.0,SIGA_INTA_BORDENAVE,Observado,Observado_estacion,2026-07-30T20:04:21+00:00
2026-07-10,8.6,6.0,3.6,OPEN_METEO_ECMWF_IFS_ARCHIVE_FALLBACK,Provisional,Provisional_hueco_repositorio,2026-07-31T01:44:01-03:00
2026-07-11,10.1,4.7,1.3,OPEN_METEO_ECMWF_IFS_ARCHIVE_FALLBACK,Provisional,Provisional_hueco_repositorio,2026-07-31T01:44:01-03:00
2026-07-12,10.9,2.1,0.0,OPEN_METEO_ECMWF_IFS_ARCHIVE_FALLBACK,Provisional,Provisional_hueco_repositorio,2026-07-31T01:44:01-03:00
2026-07-13,12.5,4.0,0.0,SIGA_INTA_BORDENAVE,Observado,Observado_estacion,2026-07-30T20:04:21+00:00
2026-07-14,12.5,5.9,0.0,OPEN_METEO_ECMWF_IFS_ARCHIVE_FALLBACK,Provisional,Provisional_hueco_repositorio,2026-07-31T01:44:01-03:00
2026-07-15,16.4,5.9,0.0,OPEN_METEO_ECMWF_IFS_ARCHIVE_FALLBACK,Provisional,Provisional_hueco_repositorio,2026-07-31T01:44:01-03:00
2026-07-16,18.4,8.0,0.3,OPEN_METEO_ECMWF_IFS_ARCHIVE_FALLBACK,Provisional,Provisional_hueco_repositorio,2026-07-31T01:44:01-03:00
2026-07-17,20.4,10.0,0.0,SIGA_INTA_BORDENAVE,Observado,Observado_estacion,2026-07-30T20:04:21+00:00
2026-07-18,14.6,6.4,0.2,OPEN_METEO_ECMWF_IFS_ARCHIVE_FALLBACK,Provisional,Provisional_hueco_repositorio,2026-07-31T01:44:01-03:00
2026-07-19,13.9,4.0,0.6,OPEN_METEO_ECMWF_IFS_ARCHIVE_FALLBACK,Provisional,Provisional_hueco_repositorio,2026-07-31T01:44:01-03:00
2026-07-20,8.3,5.1,3.9,OPEN_METEO_ECMWF_IFS_ARCHIVE_FALLBACK,Provisional,Provisional_hueco_repositorio,2026-07-31T01:44:01-03:00
2026-07-21,9.2,5.4,0.2,OPEN_METEO_ECMWF_IFS_ARCHIVE_FALLBACK,Provisional,Provisional_hueco_repositorio,2026-07-31T01:44:01-03:00
2026-07-22,10.4,2.0,0.0,OPEN_METEO_ECMWF_IFS_ARCHIVE_FALLBACK,Provisional,Provisional_hueco_repositorio,2026-07-31T01:44:01-03:00
2026-07-23,11.6,5.3,1.1,OPEN_METEO_ECMWF_IFS_ARCHIVE_FALLBACK,Provisional,Provisional_hueco_repositorio,2026-07-31T01:44:01-03:00
2026-07-24,15.8,7.6,1.0,OPEN_METEO_ECMWF_IFS_ARCHIVE_FALLBACK,Provisional,Provisional_hueco_repositorio,2026-07-31T01:44:01-03:00
2026-07-25,16.3,8.2,0.0,SIGA_INTA_BORDENAVE,Observado,Observado_estacion,2026-07-30T20:04:21+00:00
2026-07-26,16.4,8.2,0.1,OPEN_METEO_ECMWF_IFS_ARCHIVE_FALLBACK,Provisional,Provisional_hueco_repositorio,2026-07-31T01:44:01-03:00
2026-07-27,16.8,8.7,0.6,OPEN_METEO_ECMWF_IFS_ARCHIVE_FALLBACK,Provisional,Provisional_hueco_repositorio,2026-07-31T01:44:01-03:00
2026-07-28,11.9,5.8,2.3,OPEN_METEO_ECMWF_IFS_ARCHIVE_FALLBACK,Provisional,Provisional_hueco_repositorio,2026-07-31T01:44:01-03:00
2026-07-29,13.7,5.2,0.3,OPEN_METEO_ECMWF_IFS_ARCHIVE_FALLBACK,Provisional,Provisional_hueco_repositorio,2026-07-31T01:44:01-03:00
2026-07-30,13.8,8.9,1.5,ECMWF_IFS_ENS_025,Pronostico,Mediana_ensamble_P50,2026-07-30T20:04:23+00:00
2026-07-31,17.7,11.6,1.8,OPEN_METEO_ECMWF_IFS_FORECAST,Pronostico,Pronostico_operativo,2026-07-31T01:44:01-03:00
2026-08-01,15.5,7.8,0.0,OPEN_METEO_ECMWF_IFS_FORECAST,Pronostico,Pronostico_operativo,2026-07-31T01:44:01-03:00
2026-08-02,14.4,9.1,0.3,OPEN_METEO_ECMWF_IFS_FORECAST,Pronostico,Pronostico_operativo,2026-07-31T01:44:01-03:00
2026-08-03,17.0,7.5,0.3,OPEN_METEO_ECMWF_IFS_FORECAST,Pronostico,Pronostico_operativo,2026-07-31T01:44:01-03:00
2026-08-04,14.7,4.6,2.8,OPEN_METEO_ECMWF_IFS_FORECAST,Pronostico,Pronostico_operativo,2026-07-31T01:44:01-03:00
2026-08-05,12.8,8.7,15.5,OPEN_METEO_ECMWF_IFS_FORECAST,Pronostico,Pronostico_operativo,2026-07-31T01:44:01-03:00
2026-08-06,12.5,5.3,0.0,OPEN_METEO_ECMWF_IFS_FORECAST,Pronostico,Pronostico_operativo,2026-07-31T01:44:01-03:00
2026-08-07,10.8,5.3,0.0,OPEN_METEO_ECMWF_IFS_FORECAST,Pronostico,Pronostico_operativo,2026-07-31T01:44:01-03:00
